City_ID,City,Lat,Lng,Max Temp,Humidity,Cloudiness,Wind Speed,Country,Date
0,paita,-5.0892,-81.1144,21.18,86,85,5.17,PE,1691982925
1,saipan,15.1355,145.701,27.39,100,100,4.63,MP,1691982925
2,yellowknife,62.456,-114.3525,18.09,72,100,5.66,CA,1691982926
3,happy valley-goose bay,53.3168,-60.3315,14.17,77,100,2.57,CA,1691982926
4,mao,39.8885,4.2658,24.31,100,20,3.09,ES,1691982926
5,colonia,50.9333,6.95,16.65,86,0,1.03,DE,1691982805
6,albany,42.6001,-73.9662,20.23,81,65,2.72,US,1691982754
7,tual,-5.6667,132.75,25.67,79,96,9.21,ID,1691982927
8,ushuaia,-54.8,-68.3,1.81,80,0,1.03,AR,1691982927
9,gaspe,48.8334,-64.4819,15.71,90,90,1.01,CA,1691982664
10,howard springs,-12.497,131.047,31.01,29,5,2.92,AU,1691982927
11,coahuayana de hidalgo,18.7,-103.6583,27.21,90,66,0.35,MX,1691982927
12,talnakh,69.4865,88.3972,16.23,55,58,1.24,RU,1691982928
13,puerto natales,-51.7236,-72.4875,1.07,96,69,2.35,CL,1691982928
14,san patricio,28.017,-97.5169,30.05,79,2,6.3,US,1691982928
15,bilibino,68.0546,166.4372,20.81,35,69,3.73,RU,1691982928
16,prince rupert,54.3161,-130.3201,14.05,97,100,1.54,CA,1691982929
17,grytviken,-54.2811,-36.5092,-5.51,80,28,4.96,GS,1691982929
18,abepura,-2.6333,140.5833,31.45,58,20,2.57,ID,1691982929
19,port-aux-francais,-49.35,70.2167,2.32,74,97,9.62,TF,1691982929
20,adamstown,-25.066,-130.1015,19.15,61,24,5.02,PN,1691982929
21,antsohihy,-14.8796,47.9875,22.69,77,96,1.32,MG,1691982929
22,pisco,-13.7,-76.2167,18.03,82,0,4.12,PE,1691982930
23,college,64.8569,-147.8028,20.99,47,75,3.09,US,1691982930
24,oranjemund,-28.55,16.4333,10.64,93,1,3.46,,1691982930
25,rixheim,47.7514,7.4009,22.49,97,96,1.34,FR,1691982930
26,calca,-13.3333,-71.95,10.64,83,100,1.6,PE,1691982930
27,kashgar,39.4547,75.9797,28.56,14,40,3.0,CN,1691982931
28,waitangi,-43.9535,-176.5597,13.79,87,84,2.24,NZ,1691982931
29,praia da vitoria,38.7333,-27.0667,22.14,94,40,2.97,PT,1691982931
30,cankaya,39.9179,32.8627,26.59,44,0,3.09,TR,1691982834
31,bredasdorp,-34.5322,20.0403,10.22,74,98,2.35,ZA,1691982687
32,mili,6.0815,171.735,28.82,76,64,6.05,MH,1691982932
33,papatowai,-46.5619,169.4708,8.98,72,42,3.89,NZ,1691982932
34,bontang,0.1333,117.5,29.57,61,98,3.0,ID,1691982932
35,fale old settlement,-9.3852,-171.2468,28.65,74,55,8.52,TK,1691982932
36,puerto ayora,-0.7393,-90.3518,23.12,74,52,3.42,EC,1691982932
37,maintirano,-18.0667,44.0167,21.34,84,49,4.63,MG,1691982933
38,blackmans bay,-43.0167,147.3167,10.41,63,80,1.67,AU,1691982849
39,lebu,-37.6167,-73.65,10.43,92,100,0.5,CL,1691982933
40,anadyr,64.75,177.4833,19.28,39,0,6.0,RU,1691982922
41,west island,-12.1568,96.8225,25.99,73,40,9.26,CC,1691982933
42,srandakan,-7.9386,110.2506,27.62,60,13,5.97,ID,1691982933
43,mata-utu,-13.2816,-176.1745,27.87,80,99,6.16,WF,1691982934
44,stanley,54.868,-1.6985,13.73,88,97,1.64,GB,1691982934
45,edinburgh of the seven seas,-37.0676,-12.3116,10.9,66,99,5.19,SH,1691982934
46,horta,38.5333,-28.6333,21.12,85,2,3.13,PT,1691982934
47,brookings,44.3114,-96.7984,15.81,94,75,8.23,US,1691982935
48,binka,21.0333,83.8,25.2,87,100,1.71,IN,1691982935
49,jamestown,42.097,-79.2353,21.77,89,0,1.54,US,1691982713
50,invercargill,-46.4,168.35,8.9,76,97,5.81,NZ,1691982935
51,nahan,30.55,77.3,22.22,98,100,2.02,IN,1691982935
52,rio preto da eva,-2.6994,-59.6997,28.05,49,83,1.11,BR,1691982935
53,luchenza,-16.0069,35.3095,15.37,66,0,1.72,MW,1691982936
54,puerto aysen,-45.4,-72.7,5.32,100,100,1.69,CL,1691982936
55,utrik,11.2278,169.8474,28.33,73,24,5.91,MH,1691982936
56,goedereede,51.8175,3.9806,17.0,87,100,4.98,NL,1691982936
57,soustons,43.7533,-1.3278,21.08,99,55,1.62,FR,1691982936
58,souillac,-20.5167,57.5167,23.21,83,40,4.12,MU,1691982937
59,georgetown,5.4112,100.3354,29.45,94,40,2.06,MY,1691982937
60,cafayate,-26.073,-65.9761,12.88,50,0,0.27,AR,1691982937
61,holualoa,19.6228,-155.9522,26.91,76,40,3.6,US,1691982937
62,toliara,-23.35,43.6667,20.88,70,87,3.86,MG,1691982681
63,ribeira grande,38.5167,-28.7,21.54,85,1,3.13,PT,1691982938
64,margaret river,-33.95,115.0667,15.88,75,32,7.84,AU,1691982938
65,bonthe,7.5264,-12.505,25.0,84,100,3.9,SL,1691982938
66,kodiak,57.79,-152.4072,15.73,77,75,3.09,US,1691982938
67,yemva,62.59,50.8594,20.65,72,2,1.49,RU,1691982938
68,lai chau,22.3997,103.4517,24.06,90,100,0.72,VN,1691982939
69,podstrana,43.4833,16.5833,20.46,55,0,3.37,HR,1691982939
70,monte alegre de minas,-18.8706,-48.8808,25.16,39,100,1.84,BR,1691982939
71,thompson,55.7435,-97.8558,16.09,72,40,0.0,CA,1691982939
72,mehran,33.1222,46.1646,37.02,9,0,3.97,IR,1691982939
73,tarboro,35.8968,-77.5358,28.94,88,0,0.0,US,1691982940
74,olonkinbyen,70.9221,-8.7187,4.3,88,100,5.91,SJ,1691982940
75,iqaluit,63.7506,-68.5145,6.5,87,72,1.34,CA,1691982641
76,avarua,-21.2078,-159.775,23.03,73,75,3.6,CK,1691982940
77,vadso,70.0744,29.7487,15.49,94,75,3.09,NO,1691982940
78,coxim,-18.5067,-54.76,24.93,59,100,2.33,BR,1691982730
79,tegueste,28.5167,-16.3167,28.64,20,0,1.54,ES,1691982941
80,bethel,41.3712,-73.414,23.17,81,0,0.0,US,1691982941
81,inyati,-19.6756,28.8469,9.83,48,0,2.3,ZW,1691982941
82,severo-yeniseyskiy,60.3725,93.0408,13.98,98,100,0.95,RU,1691982941
83,nagqu,31.5,92.0,11.72,64,100,2.5,CN,1691982941
84,prado,-17.3411,-39.2208,21.75,85,83,3.12,BR,1691982942
85,port elizabeth,-33.918,25.5701,11.16,71,0,3.09,ZA,1691982942
86,aykhal,66.0,111.5,14.3,67,100,6.43,RU,1691982942
87,tura,25.5198,90.2201,26.42,85,100,1.32,IN,1691982942
88,enewetak,11.3474,162.3373,28.83,75,99,5.92,MH,1691982943
89,ishqoshim,36.7248,71.6133,13.98,53,1,1.36,TJ,1691982943
90,lihue,21.9789,-159.3672,28.77,63,75,5.66,US,1691982843
91,shingu,33.7333,135.9833,25.45,94,100,10.37,JP,1691982943
92,cloverleaf,29.7783,-95.1719,32.96,81,0,5.14,US,1691982943
93,hadibu,12.65,54.0333,26.29,80,33,8.23,YE,1691982944
94,vorkuta,67.5,64.0,17.04,92,98,3.08,RU,1691982788
95,longyearbyen,78.2186,15.6401,6.91,93,100,3.6,SJ,1691982944
96,martapura,-3.4167,114.85,31.05,58,20,2.06,ID,1691982944
97,clarence town,-32.5833,151.7833,17.19,64,89,4.34,AU,1691982944
98,luanda,-8.8368,13.2343,18.92,85,64,2.32,AO,1691982944
99,kolasib,24.2333,92.7,27.5,98,100,0.25,IN,1691982945
100,male,4.1748,73.5089,29.97,70,40,4.12,MV,1691982945
101,kailua-kona,19.6406,-155.9956,28.98,75,40,3.6,US,1691982945
102,malita,6.415,125.6117,28.8,69,100,0.58,PH,1691982945
103,gawler,-34.6,138.7333,17.83,56,51,0.95,AU,1691982945
104,nova borova,50.693,28.6345,15.7,75,3,2.97,UA,1691982946
105,kovdor,67.5662,30.4758,15.05,81,100,0.45,RU,1691982946
106,vilyuchinsk,52.9306,158.4028,23.15,67,5,1.23,RU,1691982946
107,isafjordur,66.0755,-23.124,10.23,58,44,1.99,IS,1691982946
108,ungsang-nodongjagu,42.3578,130.4622,19.49,96,100,2.84,KP,1691982946
109,labrador city,52.9463,-66.9114,11.95,87,100,2.06,CA,1691982947
110,boca suno,-0.7167,-77.1333,21.18,98,34,0.74,EC,1691982947
111,kalamata,37.0389,22.1142,23.39,58,20,2.57,GR,1691982947
112,acarau,-2.8856,-40.12,25.66,84,57,5.61,BR,1691982947
113,port alfred,-33.5906,26.891,12.32,89,100,0.89,ZA,1691982947
114,kongwa,-6.2,36.4167,15.5,92,3,1.89,TZ,1691982947
115,aasiaat,68.7098,-52.8699,3.32,98,100,1.81,GL,1691982948
116,newborough,52.6389,-0.2233,16.73,88,100,6.17,GB,1691982948
117,fort-shevchenko,44.5086,50.263,27.77,35,5,9.39,KZ,1691982948
118,sao vicente,-23.9631,-46.3919,18.48,26,100,2.65,BR,1691982948
119,juneau,58.3019,-134.4197,15.0,93,75,2.57,US,1691982687
120,machico,32.7,-16.7667,24.84,83,20,5.66,PT,1691982417
121,ebon,4.582,168.6964,28.5,73,78,2.78,MH,1691982949
122,whitehorse,60.7161,-135.0538,15.57,44,75,7.72,CA,1691982749
123,qui nhon,13.7667,109.2333,32.52,57,78,2.03,VN,1691982949
124,egilsstadir,65.2653,-14.3948,4.95,93,40,1.54,IS,1691982753
125,tiksi,71.6872,128.8694,13.48,40,7,1.29,RU,1691982949
126,ust-nera,64.5667,143.2,26.69,27,100,1.84,RU,1691982949
127,zaozersk,69.4005,32.4476,14.3,87,100,2.03,RU,1691982950
128,udachny,66.4167,112.4,16.92,63,100,6.63,RU,1691982950
129,ayaviri,-14.8864,-70.5889,7.22,53,100,0.91,PE,1691982950
130,touros,-5.1989,-35.4608,23.61,83,7,6.81,BR,1691982950
131,arauco,-37.2463,-73.3175,10.31,93,100,1.22,CL,1691982950
132,savannah,32.0835,-81.0998,29.98,83,0,3.6,US,1691982764
133,ilulissat,69.2167,-51.1,5.01,100,75,1.03,GL,1691982951
134,biaora,23.8667,76.9167,24.75,83,100,5.45,IN,1691982951
135,sao felix do xingu,-6.6447,-51.995,22.99,39,1,0.56,BR,1691982889
136,laguna,38.421,-121.4238,34.31,40,0,2.57,US,1691982951
137,erechim,-27.6342,-52.2739,5.68,88,27,1.28,BR,1691982951
138,porto novo,6.4965,2.6036,24.9,88,100,4.81,BJ,1691982951
139,chonchi,-42.6128,-73.8092,11.18,99,100,1.11,CL,1691982952
140,margate,51.3813,1.3862,17.72,88,77,3.13,GB,1691982952
141,kendari,-3.945,122.4989,29.65,59,72,2.31,ID,1691982952
142,freeport,40.6576,-73.5832,27.32,68,100,4.12,US,1691982903
143,punta arenas,-53.15,-70.9167,0.62,85,94,6.26,CL,1691982732
144,xibing,26.9814,119.7247,33.47,62,16,1.4,CN,1691982953
145,pasni,25.2631,63.471,27.47,86,96,3.52,PK,1691982953
146,vel'sk,61.0701,42.0983,17.89,93,100,2.81,RU,1691982953
147,vorgashor,67.5833,63.95,16.64,92,99,3.1,RU,1691982953
148,strelka,58.0728,93.0344,19.61,64,11,1.57,RU,1691982953
149,rajin,42.2489,130.3003,19.87,97,100,2.28,KP,1691982953
150,choyr,46.3611,108.3611,25.16,37,96,2.55,MN,1691982954
151,tolanaro,-25.0319,46.9987,19.63,94,25,4.27,MG,1691982954
152,kelso,46.1468,-122.9084,32.92,37,0,2.57,US,1691982954
153,harper,4.375,-7.7169,23.93,80,95,4.4,LR,1691982954
154,flying fish cove,-10.4217,105.6791,26.82,73,40,6.17,CX,1691982955
155,gillette,44.2911,-105.5022,15.53,57,0,3.09,US,1691982955
156,wailua homesteads,22.0669,-159.378,28.44,71,75,5.66,US,1691982955
157,qaqortoq,60.7167,-46.0333,7.3,80,74,0.22,GL,1691982955
158,chutove,49.7104,35.1603,16.35,63,0,1.48,UA,1691982955
159,callao,-12.0667,-77.15,21.16,68,0,4.12,PE,1691982955
160,coquimbo,-29.9533,-71.3436,14.85,88,100,1.03,CL,1691982696
161,el nido,11.1858,119.3956,29.51,71,73,4.42,PH,1691982956
162,st. john's,47.5649,-52.7093,17.76,89,75,6.69,CA,1691982733
163,sosnogorsk,63.6023,53.8817,21.27,69,57,1.9,RU,1691982956
164,nurota,40.5614,65.6886,18.94,22,0,6.6,UZ,1691982956
165,angra do heroismo,38.65,-27.2167,22.34,88,40,1.8,PT,1691982956
166,kirkland lake,48.1446,-80.0377,15.16,88,91,1.03,CA,1691982957
167,lubao,14.9167,120.55,32.84,60,82,2.6,PH,1691982957
168,east london,-33.0153,27.9116,14.52,82,75,3.09,ZA,1691982764
169,novofedorivka,46.1713,32.3178,21.52,56,0,3.7,UA,1691982957
170,synel'nykove,48.3204,35.5179,17.81,58,0,1.01,UA,1691982957
171,yeniseysk,58.4497,92.1703,19.61,63,8,1.32,RU,1691982958
172,nuuk,64.1835,-51.7216,7.34,100,100,5.14,GL,1691982958
173,santa vitoria do palmar,-33.5189,-53.3681,7.12,68,64,3.69,BR,1691982958
174,ponta delgada,37.7333,-25.6667,21.4,88,20,2.06,PT,1691982958
175,thinadhoo,0.5333,72.9333,27.95,73,46,4.67,MV,1691982958
176,katsuura,35.1333,140.3,31.01,88,4,6.03,JP,1691982959
177,cox's bazar,21.4532,91.9798,27.65,84,97,4.7,BD,1691982959
178,kerikeri,-35.2268,173.9474,12.05,93,100,2.38,NZ,1691982959
179,rosso,16.4986,-15.8153,26.9,78,81,4.65,SN,1691982959
180,bardai,11.65,7.2333,20.41,90,100,2.57,NG,1691982959
181,port hedland,-20.3167,118.5667,30.03,23,13,2.57,AU,1691982960
182,tarfaya,27.9358,-12.9218,21.67,91,23,7.64,MA,1691982960
183,broken hill,-31.95,141.4333,17.21,59,71,3.87,AU,1691982960
184,greifswald,54.1,13.3833,17.26,100,99,2.08,DE,1691982960
185,salinopolis,-0.6136,-47.3561,25.69,85,43,3.5,BR,1691982961
186,boda,4.3189,17.4695,20.51,97,88,1.38,CF,1691982961
187,nyurba,63.2842,118.3319,23.37,57,95,3.07,RU,1691982961
188,tidjikja,18.5564,-11.4271,31.75,46,91,7.39,MR,1691982962
189,franklin,39.9667,-83.0166,24.68,78,100,0.0,US,1691982505
190,sittwe,20.15,92.9,27.85,82,96,2.85,MM,1691982962
191,kenora,49.8167,-94.4337,18.54,68,40,1.54,CA,1691982962
192,kirensk,57.7853,108.1119,24.33,59,17,2.36,RU,1691982962
193,minas de marcona,-15.2119,-75.1103,13.0,85,12,3.49,PE,1691982963
194,kaoma,-14.7833,24.8,10.97,50,0,2.43,ZM,1691982963
195,tazovsky,67.4667,78.7,12.23,61,1,2.12,RU,1691982963
196,kolokani,13.5728,-8.0339,21.48,90,100,2.48,ML,1691982963
197,amga,60.8953,131.9608,15.72,88,100,4.09,RU,1691982964
198,nemuro,43.3236,145.575,14.68,81,98,7.2,JP,1691982964
199,petropavlovsk-kamchatsky,53.0452,158.6483,22.33,56,75,5.0,RU,1691982908
200,nelson bay,-32.7167,152.15,17.27,83,91,3.58,AU,1691982964
201,atafu village,-8.5421,-172.5159,28.46,76,84,7.74,TK,1691982964
202,paola,39.3599,16.0396,21.62,61,0,2.07,IT,1691982965
203,constantia,44.1833,28.65,17.61,73,0,6.57,RO,1691982965
204,nouadhibou,20.931,-17.0347,21.89,93,98,5.12,MR,1691982965
205,kremenchuk,49.0973,33.4197,18.31,55,0,1.97,UA,1691982965
206,cockburn town,21.4612,-71.1419,28.9,80,4,8.76,TC,1691982965
207,northam,51.0333,-4.2167,19.25,98,100,7.42,GB,1691982966
208,divnomorskoye,44.5011,38.1353,22.47,64,11,3.54,RU,1691982966
209,filadelfia,39.9523,-75.1638,25.08,73,0,2.06,US,1691982698
210,pultusk,52.7025,21.0828,20.03,82,100,2.69,PL,1691982967
211,inhambane,-23.865,35.3833,18.22,79,0,2.9,MZ,1691982967
212,broome,42.2506,-75.833,19.74,79,99,1.2,US,1691982967
213,port mathurin,-19.6833,63.4167,23.06,71,20,9.43,MU,1691982967
214,labin,45.095,14.1197,22.14,56,0,2.66,HR,1691982968
215,freetown,8.484,-13.2299,25.84,89,75,4.12,SL,1691982968
216,thames,-37.1333,175.5333,14.61,66,88,3.03,NZ,1691982968
217,port augusta,-32.5,137.7667,17.4,57,100,5.07,AU,1691982968
218,saint-philippe,-21.3585,55.7679,21.77,86,37,5.89,RE,1691982969
219,yanchep,-31.55,115.6833,20.34,53,7,2.82,AU,1691982969
220,polyarnyy,69.1989,33.4478,14.83,80,100,2.13,RU,1691982969
221,tacoaleche,22.8167,-102.4167,24.25,60,41,3.51,MX,1691982969
222,immendingen,47.9333,8.7333,20.17,77,99,1.12,DE,1691982970
223,ivdel',60.6911,60.4206,19.87,63,100,1.62,RU,1691982970
224,bikenibeu village,1.3673,173.1241,27.98,83,75,4.63,KI,1691982970
225,isla vista,34.4133,-119.861,22.77,82,20,4.12,US,1691982970
226,nova sintra,14.8667,-24.7167,23.7,82,97,2.47,CV,1691982970
227,tamanrasset,22.785,5.5228,27.95,20,0,3.6,DZ,1691982971
228,dubbo,-32.25,148.6167,13.07,94,100,5.14,AU,1691982211
229,miles city,46.4083,-105.8406,21.54,43,0,0.0,US,1691982845
230,saldanha,-33.0117,17.9442,11.38,72,2,4.62,ZA,1691982971
231,kemri,28.8167,79.2167,26.31,92,100,5.57,IN,1691982972
232,kingston,17.997,-76.7936,26.25,90,2,1.34,JM,1691982731
233,tyukhtet,56.5389,89.3011,18.02,69,72,0.99,RU,1691982972
234,myeik,12.4333,98.6,27.9,82,96,4.31,MM,1691982972
235,sa'dah,16.9402,43.7639,21.1,62,43,2.18,YE,1691982972
236,bertioga,-23.8544,-46.1386,17.79,91,100,2.63,BR,1691982973
237,arno,60.1167,18.6333,13.77,93,77,3.36,SE,1691982973
238,novodvinsk,64.4165,40.8122,17.57,98,97,1.87,RU,1691982973
239,mossel bay,-34.1831,22.146,8.96,82,78,3.85,ZA,1691982973
240,xunchang,28.4543,104.715,31.43,60,8,0.65,CN,1691982973
241,mount pearl,47.5166,-52.7813,17.3,90,75,6.69,CA,1691982974
242,juan griego,11.0817,-63.9655,28.07,89,4,5.14,VE,1691982974
243,masterton,-40.9597,175.6575,11.6,62,47,4.11,NZ,1691982974
244,mthatha,-31.5889,28.7844,12.8,94,91,1.61,ZA,1691982706
245,tofol,5.3248,163.0078,31.88,70,75,1.54,FM,1691982975
246,taco pozo,-25.6167,-63.2833,14.35,29,0,2.98,AR,1691982975
247,el granada,37.5027,-122.4694,26.08,83,100,8.23,US,1691982975
248,inongo,-1.95,18.2667,20.85,87,43,1.85,CD,1691982975
249,vernon,50.2581,-119.2691,29.05,41,7,1.22,CA,1691982660
250,malynivka,49.8167,36.7333,16.81,69,0,1.52,UA,1691982976
251,shira,54.4911,89.9531,16.85,61,97,2.17,RU,1691982976
252,rakops,-21.0167,24.3333,15.47,29,0,4.35,BW,1691982976
253,naze,28.3667,129.4833,28.51,74,12,3.33,JP,1691982976
254,san luis de la loma,17.2706,-100.8939,27.52,88,4,1.6,MX,1691982976
255,tadpatri,14.9167,78.0167,28.07,56,100,5.49,IN,1691982977
256,san jose del guaviare,2.5729,-72.6459,22.52,97,75,1.04,CO,1691982978
257,harnosand,62.6323,17.9379,11.01,88,50,1.98,SE,1691982978
258,newman,37.3138,-121.0208,31.99,31,83,2.75,US,1691982979
259,mirpur sakro,24.5474,67.6277,27.89,76,100,9.47,PK,1691982981
260,fortuna,40.5982,-124.1573,15.52,91,100,3.6,US,1691982964
261,saudarkrokur,65.7461,-19.6394,7.48,86,14,1.32,IS,1691982983
262,hermanus,-34.4187,19.2345,9.33,68,42,3.7,ZA,1691982987
263,ternitz,47.7156,16.0357,18.93,81,36,2.5,AT,1691982988
264,buta,2.7858,24.73,20.78,99,100,0.8,CD,1691982988
265,port lincoln,-34.7333,135.8667,14.32,61,63,3.05,AU,1691982992
266,bubaque,11.2833,-15.8333,26.37,84,100,5.8,GW,1691982993
267,chinde,26.8418,88.0763,21.28,86,100,0.84,NP,1691982993
268,hamilton,39.1834,-84.5333,25.55,72,0,0.0,US,1691982741
269,nar'yan-mar,67.6713,53.087,15.69,78,100,1.76,RU,1691982994
270,bandarbeyla,9.4942,50.8122,24.69,76,2,7.91,SO,1691982996
271,puerto deseado,-47.7503,-65.8938,4.33,75,39,1.27,AR,1691982998
272,bathsheba,13.2167,-59.5167,28.34,83,20,8.75,BB,1691982998
273,faya-largeau,17.9257,19.1043,27.05,60,100,2.48,TD,1691982998
274,keflavik,64.0049,-22.5624,9.95,100,0,3.6,IS,1691982999
275,camana,-16.6228,-72.7111,17.17,85,3,1.89,PE,1691982999
276,horqueta,-23.3428,-57.0597,13.98,41,100,1.32,PY,1691982999
277,bouarfa,32.53,-1.95,23.74,18,0,1.77,MA,1691982999
278,kalmunai,7.4167,81.8167,29.3,61,69,1.63,LK,1691982999
279,lensk,60.7253,114.9278,24.89,61,19,1.57,RU,1691982956
280,veselynove,47.3567,31.2349,18.97,49,0,1.88,UA,1691983000
281,santa quiteria,-4.3319,-40.1567,24.77,54,36,1.62,BR,1691983000
282,hawaiian paradise park,19.5933,-154.9731,27.73,75,20,4.12,US,1691983000
283,arraial do cabo,-22.9661,-42.0278,20.56,89,100,6.23,BR,1691983000
284,san clemente del tuyu,-36.3569,-56.7235,10.55,66,99,8.17,AR,1691983001
285,badger,64.8,-147.5333,20.95,51,20,3.09,US,1691983001
286,la tuque,47.4334,-72.7824,17.14,94,62,0.51,CA,1691983001
287,pompeu,-19.2244,-44.9353,22.3,50,100,3.1,BR,1691983001
288,hirara,24.8,125.2833,32.15,74,75,5.66,JP,1691983001
289,mil'kovo,55.6078,37.7956,18.27,94,85,3.93,RU,1691983001
290,axim,4.8699,-2.2405,23.98,88,66,4.55,GH,1691983002
291,poiana lacului,44.8167,24.7333,17.12,51,0,2.74,RO,1691983002
292,san antonio de pale,-1.4014,5.6325,23.73,86,100,6.51,GQ,1691983002
293,crane,31.3974,-102.3501,33.77,26,0,8.13,US,1691983002
294,najran,17.4924,44.1277,27.36,39,86,3.28,SA,1691983002
295,amalapuram,16.5833,82.0167,30.56,61,100,2.09,IN,1691983003
296,puerto leguizamo,-0.1934,-74.7819,21.95,98,52,1.02,CO,1691983003
297,zima,53.9202,102.0442,23.64,60,51,2.79,RU,1691983003
298,midvagur,62.0511,-7.1939,10.46,87,75,7.2,FO,1691983003
299,kazan,55.7887,49.1221,21.34,46,100,2.2,RU,1691983003
300,onega,63.9061,38.1404,17.01,95,93,3.21,RU,1691983003
301,mafinga,-7.25,35.0667,17.14,71,9,1.13,TZ,1691983004
302,nueva palmira,-33.8833,-58.4167,11.21,45,100,5.21,UY,1691983004
303,raducaneni,46.95,27.9333,14.31,52,0,0.43,RO,1691983004
304,weno,7.4515,151.8468,27.97,74,100,0.0,FM,1691983004
305,mercedes,-34.6515,-59.4307,11.47,45,98,4.82,AR,1691983004
306,zuunmod,47.7069,106.9528,19.57,69,100,2.66,MN,1691983004
307,hammerfest,70.6634,23.6821,16.25,77,40,2.06,NO,1691983005
308,lerwick,60.1545,-1.1494,13.0,90,95,2.55,GB,1691983005
309,juli,-16.2167,-69.45,4.84,64,98,1.04,PE,1691983005
310,portland,45.5234,-122.6762,34.96,35,20,3.09,US,1691982459
311,mumford,5.2618,-0.759,23.13,92,50,4.52,GH,1691983005
312,mount gambier,-37.8333,140.7667,12.91,46,23,1.45,AU,1691982974
313,yuzhno-kurilsk,44.0306,145.8556,14.73,80,29,5.47,RU,1691983006
314,necochea,-38.5473,-58.7368,13.29,43,47,10.54,AR,1691983006
315,polovinnoye,54.7914,65.9864,15.32,43,76,4.39,RU,1691983006
316,howrah,22.5892,88.3103,29.0,89,75,2.57,IN,1691983006
317,mejit,10.2753,170.8646,28.52,73,32,6.54,MH,1691983006
318,colares,38.7992,-9.4469,19.31,78,51,12.52,PT,1691983007
319,fort st. john,56.2499,-120.8529,23.94,43,75,7.2,CA,1691983007
320,le krib,36.328,9.1361,16.84,53,0,1.1,TN,1691983007
321,lompoc,34.6391,-120.4579,22.23,86,40,4.47,US,1691982981
322,katsuren-haebaru,26.3369,127.8719,33.43,70,40,5.14,JP,1691982772
323,gopalpur,19.2667,84.9167,28.52,75,100,1.44,IN,1691983008
324,olinda,-8.0089,-34.8553,22.85,88,75,2.57,BR,1691983008
325,nguigmi,14.2495,13.1092,27.29,72,100,2.26,NE,1691983008
326,darwin,-12.4611,130.8418,31.05,41,0,5.14,AU,1691983008
327,zintan,31.9223,12.252,18.85,64,0,3.61,LY,1691983008
328,santiago de cao,-7.9589,-79.2392,21.07,88,100,3.09,PE,1691983008
329,hasaki,35.7333,140.8333,32.39,80,5,4.46,JP,1691983009
330,samana,19.2056,-69.3369,26.78,85,69,3.53,DO,1691983009
331,uturoa,-16.7333,-151.4333,25.6,71,40,5.59,PF,1691983009
332,taoudenni,22.6783,-3.9836,35.61,21,31,7.09,ML,1691983009
333,kaa-khem,51.6833,94.7333,20.11,64,37,1.68,RU,1691983009
334,garissa,-0.4536,39.6401,22.53,85,30,5.55,KE,1691983010
335,oliveira dos brejinhos,-12.3169,-42.8961,21.13,55,4,4.22,BR,1691982885
336,namibe,-15.1961,12.1522,18.07,60,1,4.04,AO,1691982990
337,mutoko,-17.397,32.2268,11.61,61,0,1.24,ZW,1691983010
338,palikir - national government center,6.9248,158.1611,31.41,70,100,3.6,FM,1691983010
339,karratha,-20.7377,116.8463,23.9,37,16,2.26,AU,1691983011
340,sisimiut,66.9395,-53.6735,6.84,84,51,0.9,GL,1691983011
341,angaur state,6.906,134.13,27.88,78,100,6.07,PW,1691983011
342,conception bay south,47.4999,-52.9981,17.63,93,100,3.59,CA,1691983012
343,shyryayeve,47.3805,30.1964,18.53,49,0,0.8,UA,1691983012
344,soio,-6.1349,12.3689,20.39,91,24,3.29,AO,1691983012
345,kitimat,54.0524,-128.6534,19.21,65,100,1.79,CA,1691983012
346,cannonvale,-20.2833,148.7,21.66,56,5,3.01,AU,1691983012
347,yaren,-0.5472,166.916,24.75,89,100,9.57,NR,1691983013
348,sola,-13.8833,167.55,24.39,84,98,10.44,VU,1691983013
349,gadzhiyevo,69.2551,33.3362,14.63,82,100,2.24,RU,1691983013
350,nyakahanga,-1.6033,31.1414,17.21,60,75,0.55,TZ,1691983013
351,mbeya,-8.9,33.45,12.15,87,57,2.51,TZ,1691983014
352,muriae,-21.1306,-42.3664,19.11,90,100,1.5,BR,1691983014
353,kiruna,67.8557,20.2251,11.51,100,100,1.54,SE,1691983014
354,leava,-14.3,-178.1667,27.48,82,39,7.21,WF,1691983014
355,el calafate,-50.3408,-72.2768,-0.4,82,10,1.19,AR,1691983014
356,la'ie,21.6477,-157.9253,30.0,68,5,5.74,US,1691983014
357,warrnambool,-38.3833,142.4833,12.41,59,100,1.64,AU,1691983015
358,shimoda,34.6667,138.95,29.2,89,99,8.82,JP,1691983015
359,chui,-33.6971,-53.4616,6.93,65,42,3.74,UY,1691983013
360,kokopo,-4.352,152.2633,28.12,73,99,8.09,PG,1691983015
361,calvinia,-31.4707,19.776,4.07,83,0,1.14,ZA,1691983015
362,havre,49.5833,0.3333,17.87,82,80,3.09,FR,1691983016
363,mhamid,29.82,-5.72,32.07,12,6,1.88,MA,1691983016
364,lyepyel',54.8814,28.6932,15.17,81,57,1.83,BY,1691983016
365,savannakhet,16.566,104.751,29.01,74,75,2.06,LA,1691983016
366,mount isa,-20.7333,139.5,29.87,23,8,3.09,AU,1691983017
367,guerrero negro,27.9769,-114.0611,20.39,87,8,8.34,MX,1691982878
368,dryden,49.7833,-92.7503,16.16,88,100,1.54,CA,1691983017
369,chuhar jamali,24.3895,67.9923,27.96,74,100,9.16,PK,1691983017
370,waddan,29.1614,16.139,23.15,60,0,3.7,LY,1691983017
371,cill airne,52.05,-9.5167,10.88,96,100,0.86,IE,1691983017
372,usinsk,65.9939,57.5281,19.37,87,87,2.02,RU,1691982842
373,greymouth,-42.4667,171.2,9.37,67,41,2.4,NZ,1691983018
374,beledweyne,4.7358,45.2036,23.24,83,47,5.02,SO,1691983018
375,sebeta,8.9167,38.6167,12.18,90,15,0.15,ET,1691983018
376,carnot,4.9409,15.8665,20.31,97,93,0.19,CF,1691983018
377,vilyuysk,63.7553,121.6247,24.54,44,100,3.34,RU,1691983018
378,ingeniero jacobacci,-41.3427,-69.5448,6.16,79,52,7.82,AR,1691983019
379,kindu,-2.95,25.95,21.82,87,30,0.64,CD,1691983019
380,al wasitah,29.3378,31.2056,25.13,68,0,5.53,EG,1691983019
381,antofagasta,-23.65,-70.4,17.6,79,0,0.58,CL,1691982782
382,valley city,46.9233,-98.0032,16.29,100,100,2.57,US,1691983019
383,sodankyla,67.4167,26.6,12.34,95,34,1.82,FI,1691983019
384,yatou,37.15,122.3833,29.37,61,88,2.06,CN,1691983020
385,brezina,33.0989,1.2608,26.28,21,0,1.67,DZ,1691983020
386,tezu,27.9167,96.1667,29.74,76,100,1.59,IN,1691983020
387,sitka,57.0531,-135.33,15.94,72,100,2.57,US,1691983020
388,walvis bay,-22.9575,14.5053,12.27,90,37,1.12,,1691982940
389,rehoboth,-23.3167,17.0833,11.14,14,51,4.38,,1691982771
390,odlabari,26.8333,88.6167,28.36,82,100,0.88,IN,1691983021
391,el golaa,33.4849,9.0068,24.54,54,0,5.1,TN,1691983021
392,lusambo,-4.9667,23.45,19.88,43,9,0.61,CD,1691983021
393,akita,39.7167,140.1167,34.52,55,75,4.12,JP,1691983021
394,island harbour,50.724,-1.2758,17.21,93,95,1.34,GB,1691983022
395,izberbash,42.5696,47.8645,26.03,48,0,3.29,RU,1691983022
396,musoma,-1.5,33.8,21.14,58,24,4.75,TZ,1691983022
397,icmeler,40.8464,29.3089,25.08,88,75,7.2,TR,1691983022
398,cabo san lucas,22.8909,-109.9124,31.4,73,0,4.12,MX,1691982936
399,mirriah,13.7073,9.1501,25.94,71,92,2.95,NE,1691983023
400,iskateley,67.6803,53.1512,15.61,78,100,1.76,RU,1691983023
401,ulladulla,-35.35,150.4667,9.97,94,100,4.51,AU,1691983023
402,agua dulce,18.1333,-94.1333,26.7,84,100,5.29,MX,1691983024
403,bhamo,24.2667,97.2333,25.87,95,100,0.44,MM,1691983024
404,oum hadjer,13.2954,19.6966,24.83,78,100,2.25,TD,1691983024
405,fada,9.5667,8.3,19.94,99,100,0.61,NG,1691983024
406,panuco,22.05,-98.1667,30.1,77,6,3.92,MX,1691983025
407,al ghayzah,16.2079,52.176,26.39,88,68,2.37,YE,1691983025
408,magadan,59.5667,150.8,28.63,70,12,3.11,RU,1691983025
409,huarmey,-10.0681,-78.1522,20.09,84,55,3.38,PE,1691983025
410,dumbea,-22.15,166.45,22.98,52,79,3.31,NC,1691983025
411,houghton,47.1219,-88.569,14.08,95,0,0.0,US,1691983026
412,tralee,52.2704,-9.7026,12.07,94,100,1.57,IE,1691983026
413,nova vicosa,-17.8919,-39.3719,22.18,83,24,3.44,BR,1691982879
414,nova xavantina,-14.6667,-52.35,24.47,31,50,1.2,BR,1691982851
415,kiama,-34.6833,150.8667,14.1,93,100,0.89,AU,1691983026
416,gongzhuling,43.5008,124.8198,26.69,72,7,1.3,CN,1691983027
417,vicuna,-30.0319,-70.7081,10.85,32,16,0.62,CL,1691983027
418,muisne,0.6,-80.0333,24.82,84,100,3.18,EC,1691983027
419,konarka,19.9,86.1167,28.22,73,100,3.09,IN,1691983028
420,goronyo,13.4423,5.6763,24.84,85,100,2.95,NG,1691983028
421,kone,-21.0595,164.8658,23.57,46,67,3.9,NC,1691983028
422,ola,59.5833,151.2833,28.97,74,12,3.57,RU,1691983028
423,mafra,-26.1114,-49.8053,10.41,91,100,1.67,BR,1691983028
424,menaka,15.9182,2.4022,24.78,73,100,6.36,ML,1691983029
425,cowra,-33.8333,148.6833,14.01,76,100,4.21,AU,1691982815
426,al wajh,26.2455,36.4525,29.97,89,8,2.57,SA,1691983029
427,serowe,-22.3833,26.7167,14.17,36,0,2.25,BW,1691983029
428,flin flon,54.7682,-101.865,15.46,84,76,2.21,CA,1691983029
429,syanno,54.8106,29.7069,14.7,84,14,2.67,BY,1691983030
430,ndjole,-0.1783,10.7649,23.47,89,95,1.14,GA,1691983030
431,tambopata,-12.7333,-69.1833,18.93,83,100,1.51,PE,1691983030
432,kristiansund,63.1115,7.732,14.03,94,20,1.54,NO,1691983031
433,gulf shores,30.246,-87.7008,30.88,74,0,0.0,US,1691983031
434,adam,22.3756,57.5233,32.39,41,64,2.62,OM,1691983031
435,longmen,24.9597,118.0889,32.34,67,82,2.09,CN,1691982854
436,lorengau,-2.0226,147.2712,28.8,73,80,6.81,PG,1691983032
437,tulun,54.5611,100.5792,21.7,68,79,2.92,RU,1691983032
438,rongelap,11.1635,166.8941,28.73,78,24,5.83,MH,1691983023
439,tanout,14.9709,8.8879,28.02,60,100,2.48,NE,1691983032
440,haiku-pauwela,20.9219,-156.3051,27.01,65,40,8.23,US,1691983033
441,orcopampa,-15.2661,-72.3417,5.7,47,0,1.28,PE,1691983033
442,punta del este,-34.9667,-54.95,11.65,55,0,7.15,UY,1691983033
443,uribia,11.7139,-72.266,29.13,68,89,6.43,CO,1691983033
444,cutral-co,-38.9469,-69.2089,13.84,10,64,1.74,AR,1691983033
445,al muwayh,22.4333,41.7583,28.27,36,51,4.21,SA,1691983034
446,igarka,67.4667,86.5833,20.31,63,60,2.34,RU,1691983034
447,laghouat,33.8,2.8651,25.68,35,0,2.28,DZ,1691983034
448,minbu,20.1833,94.8833,29.64,69,100,3.59,MM,1691983034
449,erenhot,43.6475,111.9767,31.75,21,8,3.52,CN,1691983035
450,kiunga,-6.1219,141.2906,28.68,60,93,1.57,PG,1691983035
451,verkhneural'sk,53.8769,59.2106,16.2,51,4,1.58,RU,1691983035
452,bengbu,32.9408,117.3608,30.09,68,26,3.39,CN,1691983036
453,daru,-9.0763,143.2092,25.54,73,62,5.41,PG,1691983036
454,visby,57.6409,18.296,13.12,100,87,1.54,SE,1691983036
455,fort mcmurray,56.7268,-111.381,22.77,64,0,3.6,CA,1691983036
456,swan hill,-35.3378,143.5544,14.58,48,64,2.82,AU,1691983037
457,baki,-7.6128,110.7839,29.23,44,19,2.43,ID,1691983037
458,woolgoolga,-30.1106,153.2007,23.36,51,86,3.3,AU,1691983037
459,christchurch,-43.5333,172.6333,14.62,39,1,5.14,NZ,1691983037
460,sao joao da barra,-21.6403,-41.0511,20.9,92,98,3.03,BR,1691982739
461,paracuru,-3.41,-39.0306,26.73,84,37,6.18,BR,1691983038
462,mpanda,-6.3655,31.0409,21.17,49,62,2.06,TZ,1691983038
463,tchintabaraden,15.8969,5.7985,26.25,70,100,6.4,NE,1691983038
464,remire-montjoly,4.9167,-52.2667,24.02,94,0,0.0,GF,1691983039
465,itoman,26.1247,127.6694,33.43,83,75,5.14,JP,1691982773
466,copala,16.65,-98.9833,27.61,86,47,1.34,MX,1691983039
467,kamaishi,39.2667,141.8833,26.07,95,92,4.36,JP,1691983039
468,dumai,1.6833,101.45,27.42,86,67,1.36,ID,1691983039
469,afaahiti,-17.75,-149.2833,26.7,73,59,3.67,PF,1691983033
470,cozumel,20.5083,-86.9458,29.41,94,45,1.34,MX,1691983040
471,pacific grove,36.6177,-121.9166,18.82,92,40,2.06,US,1691982781
472,sao joao da ponte,-15.9292,-44.0078,19.37,49,84,2.38,BR,1691983040
473,moultonborough,43.7548,-71.3967,20.71,85,99,1.34,US,1691983040
474,harlingen,26.1906,-97.6961,30.95,88,0,5.66,US,1691983040
475,gangtok,27.3333,88.6167,19.43,94,100,0.63,IN,1691983041
476,okhotsk,59.3833,143.3,17.89,74,100,4.55,RU,1691983041
477,griffith,41.5284,-87.4237,21.96,80,40,3.6,US,1691983041
478,ocean city,39.2776,-74.5746,25.55,77,48,1.13,US,1691983041
479,nadi,-17.8,177.4167,27.0,69,75,5.66,FJ,1691983038
480,sharkawshchyna,55.3713,27.4706,14.49,88,33,2.68,BY,1691982798
481,pierre,44.3683,-100.351,17.7,80,20,6.17,US,1691982895
482,mossendjo,-2.9506,12.7261,18.24,97,16,1.19,CG,1691983042
483,kesinga,20.2,83.2333,26.02,84,100,1.1,IN,1691983042
484,edson,53.5835,-116.4356,22.08,49,0,2.06,CA,1691982993
485,marsa alam,25.0757,34.8918,32.21,42,3,2.62,EG,1691983042
486,la ronge,55.1001,-105.2842,20.14,64,20,4.12,CA,1691983043
487,cidreira,-30.1811,-50.2056,10.52,75,32,2.55,BR,1691983043
488,piacabucu,-10.4056,-36.4344,22.52,75,11,3.7,BR,1691983043
489,bangui,4.3612,18.555,21.72,98,100,0.88,CF,1691983043
490,basco,20.4487,121.9702,28.61,85,72,9.38,PH,1691983044
491,de aar,-30.6497,24.0123,8.54,39,0,1.34,ZA,1691983044
492,palmer,42.1584,-72.3287,21.95,82,0,0.0,US,1691983044
493,constitucion,-35.3333,-72.4167,13.11,75,97,3.45,CL,1691983044
494,luganville,-15.5333,167.1667,24.34,76,87,3.86,VU,1691983045
495,nago,26.5881,127.9761,33.47,70,14,2.86,JP,1691982775
496,the pas,53.8251,-101.2541,18.01,82,100,2.06,CA,1691983045
497,hayang,35.9133,128.82,30.87,62,75,2.57,KR,1691983045
498,sidi akkacha,36.4647,1.3026,25.16,61,0,2.31,DZ,1691983046
499,eydhafushi,5.1033,73.0708,28.19,70,21,5.25,MV,1691983046
500,dhidhdhoo,6.8833,73.1,28.25,64,54,4.62,MV,1691983046
501,adamantina,-21.6853,-51.0725,19.31,66,100,5.02,BR,1691983046
502,mhangura,-16.8939,30.1683,11.89,60,0,0.83,ZW,1691983047
503,port hueneme,34.1478,-119.1951,25.15,89,100,5.66,US,1691983047
504,hinojosa del duque,38.5006,-5.1465,21.02,25,2,1.32,ES,1691983047
505,galesong,-5.3166,119.3661,32.01,59,59,1.12,ID,1691983047
506,trinidad,-14.8333,-64.9,18.46,62,100,2.6,BO,1691982805
507,williams lake,52.1415,-122.1445,27.76,34,75,2.06,CA,1691983048
508,gazojak,41.1875,61.4036,21.68,23,0,5.18,TM,1691983048
509,sarriguren,42.8106,-1.5927,18.9,82,100,0.51,ES,1691983048
510,bonham,33.5773,-96.1783,34.65,51,0,2.57,US,1691982553
511,sinop,41.7711,34.8709,19.82,77,6,2.78,TR,1691983049
512,mahibadhoo,3.7833,72.9667,28.08,72,7,4.2,MV,1691983049
513,carnarvon,-24.8667,113.6333,19.05,48,0,6.11,AU,1691983049
514,odacho-oda,35.1833,132.5,29.43,71,100,7.14,JP,1691983049
515,plastun,44.7561,136.2939,18.36,83,99,4.26,RU,1691983050
516,ibiza,38.9088,1.433,25.52,88,40,1.03,ES,1691983050
517,ancud,-41.8697,-73.8203,10.43,99,100,2.46,CL,1691983050
518,hafar al-batin,28.4328,45.9708,34.32,22,0,5.14,SA,1691983050
519,miracema do tocantins,-9.5618,-48.3967,24.43,35,0,1.12,BR,1691983051
520,hovd,48.0056,91.6419,20.57,21,99,0.51,MN,1691983051
521,bukama,-9.2,25.85,19.54,37,23,1.47,CD,1691983051
522,lazaro cardenas,17.9583,-102.2,27.8,85,0,1.04,MX,1691983051
523,tari,12.4086,4.4914,23.64,88,100,3.15,NG,1691983052
524,motueka,-41.1333,173.0167,15.05,43,10,2.9,NZ,1691982770
525,port saint john's,-31.6229,29.5448,17.95,88,100,4.34,ZA,1691983052
526,matane,48.8286,-67.522,15.14,96,100,2.26,CA,1691983052
527,namsos,64.4662,11.4957,14.03,88,100,3.6,NO,1691983052
528,kangding,30.0513,101.9603,21.45,68,25,2.37,CN,1691983053
529,kapuskasing,49.4169,-82.4331,12.05,93,0,2.06,CA,1691982951
530,san rafael,-34.6177,-68.3301,16.68,20,100,3.31,AR,1691983053
531,achinsk,56.2694,90.4993,18.98,61,62,1.62,RU,1691983053
532,jakar,27.5492,90.7525,18.11,92,100,0.97,BT,1691983053
533,orsa,54.5153,30.4053,14.5,88,11,2.88,BY,1691983054
534,sandpoint,48.2766,-116.5533,26.03,44,0,0.45,US,1691982924
535,djambala,-2.5447,14.7533,20.89,72,24,1.82,CG,1691983054
536,lodwar,3.1191,35.5973,25.6,51,4,6.26,KE,1691983054
537,illizi,26.4833,8.4667,29.89,20,0,6.38,DZ,1691983054
538,xingcheng,40.6167,120.7167,28.45,62,36,1.9,CN,1691983055
539,ataq,14.5377,46.8319,25.41,43,47,4.92,YE,1691983055
540,malangali,-8.5667,34.85,14.15,84,5,4.36,TZ,1691983055
541,jilotepec de molina enriquez,19.9528,-99.5347,12.82,96,98,0.53,MX,1691983055
542,posto fiscal rolim de moura,-13.0833,-62.2667,19.53,72,100,1.59,BR,1691983055
543,el bauga,18.262,33.9081,32.37,14,10,3.52,SD,1691983056
544,orkney,-26.9802,26.6727,13.4,40,5,3.75,ZA,1691983056
545,kapit,2.0167,112.9333,32.58,56,74,0.43,MY,1691982816
546,palo alto,37.4419,-122.143,29.71,65,75,8.23,US,1691982880
547,kimberley,-28.7323,24.7623,9.22,46,0,2.35,ZA,1691983056
548,berdigestyakh,62.0989,126.6992,14.25,93,100,2.89,RU,1691983057
549,meizhou,24.2977,116.1072,32.09,63,17,2.58,CN,1691983057
550,balykshi,47.0667,51.8667,22.0,53,0,3.0,KZ,1691983057
551,sitangkai,4.6628,119.3928,28.12,75,93,5.18,PH,1691983057
552,san pedro,14.35,121.0167,31.86,77,75,4.63,PH,1691983057
553,yuktae-dong,40.0247,128.1597,23.09,94,62,5.13,KP,1691983058
554,yelizovo,53.1873,158.3805,23.08,56,75,5.0,RU,1691983058
555,jiwani,25.05,61.7417,27.76,86,10,0.54,PK,1691983058
556,carmelo,-33.9892,-58.2856,10.47,46,100,5.79,UY,1691983058
557,summerside,46.3959,-63.7876,20.07,94,100,4.12,CA,1691983059
558,antsiranana,-12.2787,49.2917,22.43,84,8,6.54,MG,1691983059
559,kotido,2.9806,34.1331,19.11,58,3,4.76,UG,1691983059
560,mozarlandia,-14.7447,-50.5706,28.01,28,87,2.19,BR,1691983059
561,port douglas,-16.4833,145.4667,23.38,57,9,3.64,AU,1691983059
562,san andres,12.5847,-81.7006,30.01,74,40,5.66,CO,1691983060
563,naberera,-4.2,36.9333,14.37,87,58,4.29,TZ,1691983060
564,glace bay,46.1969,-59.957,18.83,95,100,3.09,CA,1691983060
565,trakai,54.6333,24.9333,17.19,92,73,2.12,LT,1691983060
566,tadine,-21.55,167.8833,21.24,50,29,4.45,NC,1691983060
567,salahonda,2.1019,-78.7217,26.48,80,100,3.94,CO,1691983060
568,verkhnevilyuysk,63.4453,120.3167,24.53,51,99,2.91,RU,1691983061
569,usogorsk,63.4106,48.6872,20.86,70,6,1.73,RU,1691983061
570,karpenisi,38.9167,21.7833,14.77,63,12,3.11,GR,1691983061
571,tuy hoa,13.0833,109.3,34.11,51,97,2.58,VN,1691983061
572,vilattikulam,9.1323,78.1664,31.05,52,50,3.99,IN,1691983061
573,puerto armuelles,8.2833,-82.8667,27.27,91,100,1.34,PA,1691983062
574,argos orestiko,40.4667,21.2667,18.15,66,90,1.76,GR,1691983062
575,cadale,2.7603,46.3222,24.91,89,19,5.87,SO,1691982725
